scenario,reference,lambda,metric,mean_scenario,mean_reference,mean_diff,pct_diff,paired_t,p_value,cohens_dz,n_seeds,significant_p05
s1_fixed,s0,0.6,mean_timeloss_s,24.912126923076926,17.773681410256412,7.138445512820514,40.163010397503975,18.062509128630005,2.2259328037010036e-08,5.711866910405408,10,True
s1_fixed,s0,0.6,mean_waiting_s,4.566089743589743,0.23211538461538456,4.333974358974359,1867.1637669152174,12.020898963608285,7.586586648827208e-07,3.80134202477597,10,True
s1_fixed,s0,0.6,p95_timeloss_s,55.3506,32.68655,22.664050000000003,69.33754097633431,45.78451591862428,5.6596726606085136e-12,14.47833518710891,10,True
s1_fixed,s0,0.6,n_collisions,90.4,1.3,89.10000000000001,6853.846153846153,18.5835726128504,1.733771901249651e-08,5.876641651973374,10,True
s1_fixed,s0,0.6,max_queue_length_m,30.302,14.688999999999998,15.613000000000001,106.29042140377156,5.754445224133814,0.00027475404784343006,1.8197153578940986,10,True
s1_fixed,s0,0.8,mean_timeloss_s,27.671271634615387,19.661892307692305,8.009379326923082,40.735546719425265,7.20199001383082,5.072262334245919e-05,2.277469212949296,10,True
s1_fixed,s0,0.8,mean_waiting_s,6.034711538461539,1.0815384615384618,4.953173076923077,457.97475106685624,4.937222202105018,0.0008053065432742963,1.561286747300403,10,True
s1_fixed,s0,0.8,p95_timeloss_s,59.325,35.40945,23.915550000000003,67.54002109606334,22.114402520152545,3.735862573916701e-09,6.99318810574497,10,True
s1_fixed,s0,0.8,n_collisions,170.9,10.0,160.9,1609.0,15.32659010984653,9.35502489739765e-08,4.846693351092531,10,True
s1_fixed,s0,0.8,max_queue_length_m,38.789,32.756,6.033000000000001,18.41799975576994,0.4653734770083257,0.6527193229853323,0.14716401499783113,10,False
s1_fixed,s0,1.0,mean_timeloss_s,32.87907769230769,21.022168461538463,11.856909230769226,56.40193233377554,4.072093664632283,0.0027908741113258687,1.2877090825779858,10,True
s1_fixed,s0,1.0,mean_waiting_s,9.478307692307691,1.1132692307692307,8.365038461538461,751.3940231473484,3.2330321075589836,0.010272637230178924,1.0223745208340869,10,True
s1_fixed,s0,1.0,p95_timeloss_s,81.00929999999997,37.96034999999999,43.04894999999998,113.4050397322469,2.385061219751776,0.0408870763822697,0.7542225813354988,10,True
s1_fixed,s0,1.0,n_collisions,323.4,21.2,302.2,1425.4716981132076,5.993578339174605,0.00020410094073575058,1.8953358886440952,10,True
s1_fixed,s0,1.0,max_queue_length_m,64.08600000000001,35.019999999999996,29.066000000000017,82.99828669331816,1.5394977675165997,0.1580675034086394,0.48683193980968364,10,False
s1_fixed,s0,1.2,mean_timeloss_s,38.9698218988219,23.426270833333337,15.543551065488561,66.35094068566636,3.7249544167596857,0.004734230780822777,1.1779340137264689,10,True
s1_fixed,s0,1.2,mean_waiting_s,13.28041641916642,2.016634615384615,11.263781803781804,558.5435119407371,3.2410079473582147,0.010142279171454086,1.0248967028359057,10,True
s1_fixed,s0,1.2,p95_timeloss_s,122.44624999999978,42.98764999999996,79.45859999999982,184.84052978006451,2.0874170223589745,0.06646115809768484,0.6600992217260984,10,False
s1_fixed,s0,1.2,n_collisions,558.3,46.3,511.99999999999994,1105.8315334773217,5.157476287171037,0.0005971108609241504,1.630937204576913,10,True
s1_fixed,s0,1.2,max_queue_length_m,109.679,75.545,34.134,45.18366536501423,0.7801403287641676,0.45533493997311064,0.24670203334473423,10,False
s1_fixed,s0,1.4,mean_timeloss_s,55.959511420270914,27.31740274725275,28.642108673018164,104.84931140058195,5.288319685681038,0.0005015469872380637,1.6723135201857808,10,True
s1_fixed,s0,1.4,mean_waiting_s,25.81680783932702,4.08793956043956,21.72886827888746,531.5359475752875,4.886712313448168,0.0008633374542465253,1.5453141180486882,10,True
s1_fixed,s0,1.4,p95_timeloss_s,209.62269999999975,51.0947999999999,158.52789999999985,310.26229675035455,4.112204069118146,0.0026283471937340436,1.300393106182582,10,True
s1_fixed,s0,1.4,n_collisions,1256.3,101.5,1154.8,1137.7339901477833,6.076855270139719,0.00018435595001521323,1.9216703664839316,10,True
s1_fixed,s0,1.4,max_queue_length_m,246.63499999999993,142.605,104.02999999999994,72.9497563199046,2.6040017612334934,0.02855023020384319,0.8234576596587789,10,True
s1_actuated,s0,0.6,mean_timeloss_s,26.03625897435897,17.773681410256412,8.262577564102557,46.48771052762646,6.319915358819577,0.0001376915622118555,1.9985327153350174,10,True
s1_actuated,s0,0.6,mean_waiting_s,5.641923076923077,0.23211538461538456,5.409807692307693,2330.6545153272587,4.4476534728288435,0.0016056312645809177,1.4064715217296964,10,True
s1_actuated,s0,0.6,p95_timeloss_s,56.65804999999999,32.68655,23.971499999999992,73.33750426398623,10.839093861931405,1.8227457320492296e-06,3.4276224376053888,10,True
s1_actuated,s0,0.6,n_collisions,98.0,1.3,96.7,7438.461538461538,9.98796172069419,3.6142908560382437e-06,3.1584708219968167,10,True
s1_actuated,s0,0.6,max_queue_length_m,31.002999999999997,14.688999999999998,16.314,111.06269997957658,4.79888238428569,0.0009752381003987406,1.5175398557602204,10,True
s1_actuated,s0,0.8,mean_timeloss_s,26.56702307692308,19.661892307692305,6.905130769230773,35.11936013671118,5.234133495724809,0.0005389530580775661,1.6551783423869584,10,True
s1_actuated,s0,0.8,mean_waiting_s,5.047307692307693,1.0815384615384618,3.965769230769231,366.678520625889,3.2993609318191957,0.009239321076290784,1.043349536752417,10,True
s1_actuated,s0,0.8,p95_timeloss_s,59.887950000000004,35.40945,24.478500000000004,69.12985092962472,15.774054502587203,7.281772712953001e-08,4.988194016380994,10,True
s1_actuated,s0,0.8,n_collisions,175.1,10.0,165.1,1651.0,14.990587782470566,1.1342686872466855e-07,4.740440085729972,10,True
s1_actuated,s0,0.8,max_queue_length_m,60.041999999999994,32.756,27.285999999999994,83.30076932470385,1.248360375564071,0.2433963395743587,0.394766212748567,10,False
s1_actuated,s0,1.0,mean_timeloss_s,29.28789461538462,21.022168461538463,8.265726153846156,39.31909388400575,10.456187756651127,2.4654088821062996e-06,3.306536895338398,10,True
s1_actuated,s0,1.0,mean_waiting_s,6.1835,1.1132692307692307,5.07023076923077,455.43617205044063,7.394467898871329,4.127546080958696e-05,2.338336064543302,10,True
s1_actuated,s0,1.0,p95_timeloss_s,66.76659999999995,37.96034999999999,28.806249999999963,75.8851011647679,18.03887029999467,2.2516745242104096e-08,5.704391656434801,10,True
s1_actuated,s0,1.0,n_collisions,295.9,21.2,274.7,1295.754716981132,20.674924478391002,6.774088917183157e-09,6.537985180368426,10,True
s1_actuated,s0,1.0,max_queue_length_m,54.169999999999995,35.019999999999996,19.15,54.68303826384923,2.3397485777452522,0.04403840826445088,0.739893465781455,10,True
s1_actuated,s0,1.2,mean_timeloss_s,35.56332083333333,23.426270833333337,12.137049999999991,51.80956920693555,5.106140792018433,0.0006398262748283976,1.6147034956274366,10,True
s1_actuated,s0,1.2,mean_waiting_s,10.589166666666667,2.016634615384615,8.572532051282053,425.0909900030199,4.08524237467278,0.0027364497889859904,1.2918670697800951,10,True
s1_actuated,s0,1.2,p95_timeloss_s,95.36524999999995,42.98764999999996,52.37759999999999,121.84336664134939,3.433357283025863,0.007468500858612458,1.085722903548909,10,True
s1_actuated,s0,1.2,n_collisions,495.3,46.3,449.0,969.7624190064795,8.920099474902479,9.183643236696353e-06,2.8207831295963803,10,True
s1_actuated,s0,1.2,max_queue_length_m,136.805,75.545,61.260000000000005,81.0907406181746,1.4542483810182882,0.17984531834911174,0.4598737167630167,10,False
s1_actuated,s0,1.4,mean_timeloss_s,39.56112225274725,27.31740274725275,12.243719505494504,44.820218154618765,3.858976860261116,0.003853085260821997,1.2203156316310442,10,True
s1_actuated,s0,1.4,mean_waiting_s,12.218324175824176,4.08793956043956,8.130384615384616,198.88710425333164,3.1890327495360813,0.011023679525513402,1.0084607021403293,10,True
s1_actuated,s0,1.4,p95_timeloss_s,116.57659999999991,51.0947999999999,65.48180000000002,128.1574641646511,2.374499663632053,0.041601045648829375,0.7508827240380973,10,True
s1_actuated,s0,1.4,n_collisions,704.9,101.5,603.4,594.4827586206897,7.7850583154629005,2.7496998192997083e-05,2.461851599409641,10,True
s1_actuated,s0,1.4,max_queue_length_m,145.53,142.605,2.9250000000000114,2.051120227201018,0.06731310539383155,0.9478041243523883,0.021286272942347317,10,False
s2,s0,0.6,mean_timeloss_s,18.85095064102564,17.773681410256412,1.0772692307692289,6.061036011074127,4.31985454807797,0.0019335863562941818,1.3660579532563735,10,True
s2,s0,0.6,mean_waiting_s,0.02089743589743585,0.23211538461538456,-0.21121794871794872,-90.99696216514778,-0.9988803360199943,0.34394978226611717,-0.3158736971777512,10,False
s2,s0,0.6,p95_timeloss_s,34.486999999999995,32.68655,1.8004499999999979,5.50822891984623,4.482289973190579,0.0015273763799619811,1.4174245448617295,10,True
s2,s0,0.6,n_collisions,1.8,1.3,0.5,38.46153846153846,0.34011944068688865,0.7415700828676541,0.10755521090731121,10,False
s2,s0,0.6,max_queue_length_m,23.134,14.688999999999998,8.445000000000002,57.49200081693787,3.0641934576713132,0.01347991929975793,0.9689830517628096,10,True
s2,s0,0.8,mean_timeloss_s,20.34682932692308,19.661892307692305,0.6849370192307731,3.48357629322792,0.5810995674718785,0.5754347579555076,0.18375981805498293,10,False
s2,s0,0.8,mean_waiting_s,0.037932692307692265,1.0815384615384618,-1.0436057692307694,-96.49270981507824,-0.9888568849409147,0.34857132789307366,-0.31270400363523476,10,False
s2,s0,0.8,p95_timeloss_s,37.45264999999999,35.40945,2.0431999999999917,5.770211059477037,1.5884324219101358,0.14665126911515813,0.5023064362493577,10,False
s2,s0,0.8,n_collisions,5.3,10.0,-4.7,-47.0,-0.5518559296972785,0.5944826288823669,-0.17451216781131554,10,False
s2,s0,0.8,max_queue_length_m,28.859999999999996,32.756,-3.8960000000000043,-11.894004151911114,-0.3091846068171794,0.7642191261005494,-0.09777275750059106,10,False
s2,s0,1.0,mean_timeloss_s,22.243713846153845,21.022168461538463,1.221545384615382,5.810748719145151,2.588349922633354,0.029292648934591534,0.8185081137042008,10,True
s2,s0,1.0,mean_waiting_s,0.046576923076923016,1.1132692307692307,-1.0666923076923076,-95.81620314389359,-2.531444905147278,0.03215903970871086,-0.8005131671494298,10,True
s2,s0,1.0,p95_timeloss_s,42.13209999999999,37.96034999999999,4.171749999999996,10.989756416892883,5.601249409378381,0.000333738534528556,1.7712705876308583,10,True
s2,s0,1.0,n_collisions,10.5,21.2,-10.7,-50.47169811320755,-1.2778706972779617,0.23326889142213755,-0.40409819585858886,10,False
s2,s0,1.0,max_queue_length_m,28.654000000000003,35.019999999999996,-6.3659999999999926,-18.17818389491717,-0.9143482868544848,0.3843757878511725,-0.28914231611331664,10,False
s2,s0,1.2,mean_timeloss_s,25.636582692307694,23.426270833333337,2.2103118589743573,9.435184433321309,1.8983981475810858,0.09011859624691211,0.6003262052200701,10,False
s2,s0,1.2,mean_waiting_s,0.9990705128205128,2.016634615384615,-1.0175641025641022,-50.458526041418324,-1.1435187633547912,0.28232701398995846,-0.36161238393402273,10,False
s2,s0,1.2,p95_timeloss_s,52.53649999999999,42.98764999999996,9.54885000000003,22.213007689417864,2.222088339862386,0.053381789589866814,0.7026860316067465,10,False
s2,s0,1.2,n_collisions,45.2,46.3,-1.0999999999999943,-2.3758099352051714,-0.04466115473305356,0.9653526232424356,-0.014123097188965858,10,False
s2,s0,1.2,max_queue_length_m,46.60000000000001,75.545,-28.944999999999993,-38.31491164206763,-1.0575707113199497,0.3178100771880574,-0.3344332234455459,10,False
s2,s0,1.4,mean_timeloss_s,27.32963708791209,27.31740274725275,0.012234340659340148,0.044785885292739,0.01391271586252726,0.9892031481496233,0.004399587056434021,10,False
s2,s0,1.4,mean_waiting_s,0.6237087912087913,4.08793956043956,-3.4642307692307686,-84.74271006243237,-3.826572452533818,0.00404892678844774,-1.210068458166342,10,True
s2,s0,1.4,p95_timeloss_s,58.43149999999989,51.0947999999999,7.336699999999993,14.358995435934789,1.9957666330105588,0.07707702391120909,0.6311168238478755,10,False
s2,s0,1.4,n_collisions,55.1,101.5,-46.4,-45.714285714285715,-2.276638248213356,0.048830188675145825,-0.7199362272609969,10,True
s2,s0,1.4,max_queue_length_m,52.7,142.605,-89.90499999999999,-63.044774026156155,-3.159427424287992,0.011560860931390712,-0.999098676274924,10,True
s4,s0,0.6,mean_timeloss_s,18.177341025641024,17.773681410256412,0.4036596153846119,2.2711086469214963,0.8852853828737882,0.399037346263717,0.2799518189135391,10,False
s4,s0,0.6,mean_waiting_s,0.6953846153846154,0.23211538461538456,0.4632692307692308,199.58574979287496,1.0577277034026116,0.31774225305313336,0.3344828687011284,10,False
s4,s0,0.6,p95_timeloss_s,32.407999999999994,32.68655,-0.27855000000000274,-0.8521853790014632,-0.9318942657596955,0.37571344350361136,-0.2946908418250899,10,False
s4,s0,0.6,n_collisions,5.4,1.3,4.1000000000000005,315.3846153846154,1.4156646863479847,0.19053459310379167,0.4476724811927507,10,False
s4,s0,0.6,max_queue_length_m,18.052,14.688999999999998,3.3630000000000013,22.89468309619444,1.189882702751666,0.2645332841196131,0.3762739489132365,10,False
s4,s0,0.8,mean_timeloss_s,19.309323076923075,19.661892307692305,-0.3525692307692303,-1.7931602169913978,-0.3502907300289604,0.7341789351804613,-0.11077165501346542,10,False
s4,s0,0.8,mean_waiting_s,0.8174519230769232,1.0815384615384618,-0.2640865384615386,-24.417674253200577,-0.28327774243269743,0.7833719945361414,-0.08958028765178513,10,False
s4,s0,0.8,p95_timeloss_s,34.69599999999999,35.40945,-0.7134500000000088,-2.014857615693011,-0.7020611697325327,0.5003928269812905,-0.22201123531168693,10,False
s4,s0,0.8,n_collisions,9.9,10.0,-0.09999999999999964,-0.9999999999999964,-0.015428498379527544,0.9880269358599026,-0.004878919575552399,10,False
s4,s0,0.8,max_queue_length_m,46.653,32.756,13.896999999999998,42.425815117841,0.6240874371138225,0.5480608078580073,0.19735377603767798,10,False
s4,s0,1.0,mean_timeloss_s,21.049749615384616,21.022168461538463,0.027581153846153228,0.13120032739065376,0.3046665750385835,0.7675475525849398,0.09634403040445258,10,False
s4,s0,1.0,mean_waiting_s,1.228846153846154,1.1132692307692307,0.11557692307692324,10.381758507514267,1.4586892640638645,0.17864911495551383,0.46127804728766125,10,False
s4,s0,1.0,p95_timeloss_s,37.64489999999999,37.96034999999999,-0.31544999999999845,-0.8309986604443809,-1.4229508311016343,0.1884749064641732,-0.44997656247107276,10,False
s4,s0,1.0,n_collisions,21.1,21.2,-0.09999999999999787,-0.47169811320753713,-0.022569153449313137,0.9824864131904838,-0.0071369929761675045,10,False
s4,s0,1.0,max_queue_length_m,39.00600000000001,35.019999999999996,3.9860000000000113,11.382067390062856,0.6292071450798458,0.5448515170896593,0.19897276985043205,10,False
s4,s0,1.2,mean_timeloss_s,23.395309615384612,23.426270833333337,-0.030961217948725306,-0.13216451807033008,-0.044185541461725375,0.9657213279358863,-0.013972695066685786,10,False
s4,s0,1.2,mean_waiting_s,2.099903846153846,2.016634615384615,0.08326923076923087,4.129118390311358,0.13130908106167094,0.8984192472663618,0.041523577361856086,10,False
s4,s0,1.2,p95_timeloss_s,42.86049999999998,42.98764999999996,-0.127149999999979,-0.2957826259401924,-0.09586756595619254,0.9257264689841097,-0.030315986215798632,10,False
s4,s0,1.2,n_collisions,50.9,46.3,4.600000000000001,9.935205183585316,0.3173932142056196,0.7581849746167425,0.1003685470771468,10,False
s4,s0,1.2,max_queue_length_m,50.785999999999994,75.545,-24.759000000000007,-32.77384340459329,-1.033298687914668,0.3284303428626376,-0.3267577357073853,10,False
s4,s0,1.4,mean_timeloss_s,29.06160769230769,27.31740274725275,1.744204945054939,6.384958925973846,0.7953154008649318,0.44689670767590095,0.25150081249430334,10,False
s4,s0,1.4,mean_waiting_s,5.635384615384615,4.08793956043956,1.5474450549450554,37.85391227209496,0.8237227888770388,0.43138326389921156,0.26048401734374543,10,False
s4,s0,1.4,p95_timeloss_s,76.4914499999999,51.0947999999999,25.39665,49.70496019164386,1.6193021081021193,0.13983486930924052,0.5120682881514893,10,False
s4,s0,1.4,n_collisions,172.5,101.5,71.0,69.95073891625616,1.8733139725386516,0.09380158187839527,0.5923938925840259,10,False
s4,s0,1.4,max_queue_length_m,114.576,142.605,-28.028999999999996,-19.654991059219522,-0.6314596880178754,0.5434429866339714,-0.19968508647158217,10,False
